{
    "employees": [
      {
        "id": 1234,
        "empName": "emp1",
        "salary": 15000
      },
      {
        "id": 4567,
        "empName": "emp2",
        "salary": 15000
      },
      {
        "id": 8910,
        "empName": "emp3",
        "salary": 15000
      },
      {
        "id": 1112,
        "empName": "emp4",
        "salary": 15000
      }
    ],

    "departments":[
        {
            "id": 1314,
        "depName": "HR",
        "location": "Chennai"
        },
        {
            "id": 1516,
        "depName": "Finance",
        "location": "Chennai"
        },
        {
            "id": 1718,
        "depName": "Admin",
        "location": "Chennai"
        },
        {
            "id": 1920,
        "depName": "Marketing",
        "location": "Chennai"
        }
    ]
  }