{
  "employee": [
    {
      "id": 1234,
      "empName": "emp1",
      "location": "Chennai"
    },
    {
      "id": 4567,
      "empName": "emp2",
      "location": "Chennai"
    },
    {
      "id": 8910,
      "empName": "emp3",
      "location": "Chennai"
    },
    {
      "id": 1112,
      "empName": "emp4",
      "location": "Chennai"
    },
    {
      "id": "1314",
      "empName": "Unnikrishnan",
      "location": "Kerala"
    },
    {
      "id": "1516",
      "empName": "Unni",
      "location": ""
    }
  ]
}