{
    "teacher":[
        {   
            "id":123,
            "name":"Nithya",
            "subject":"Mathematics"
        },
        {   
            "id":456,
            "name":"Abin",
            "subject":"Statistics"
        },
        {   
            "id":789,
            "name":"Anni",
            "subject":"English"
        },
        {   
            "id":1011,
            "name":"Susan",
            "subject":"Physics"
        }
    
        ],


    "student":[
        {
            "id":1213,
            "name":"Student1",
            "branch":"BSc Mathematics"
        },
        {
            "id":1415,
            "name":"Student2",
            "branch":"B.com"
        },
        {
            "id":1617,
            "name":"Student3",
            "branch":"Computer Science"
        },
        {
            "id":1819,
            "name":"Student4",
            "branch":"BBA"
        }
    ]
}