{
  "readlater": [
    {
      "description": "On September 3, NASA attempted to launch Artemis I but called it off after detecting a liquid hydrogen leak. - Articles from The Weather Channel | weather.com",
      "url": "https://weather.com/en-IN/india/space/news/2022-09-14-nasa-targets-september-27-to-launch-artemis-i-moon-mission",
      "id": 1
    },
    {
      "description": "Former India captain and national selector Dilip Vengsarkar feels that the three players could have been important additions to the squad that travels to Australia for the T20 World Cup later this year. | Cricket",
      "url": "https://www.hindustantimes.com/cricket/mohammed-shami-shubman-gill-umran-malik-dilip-vengsarkar-names-3-players-in-india-s-t20-world-cup-squad-brilliant-ipl-season-101663131388253.html",
      "id": 2
    },
    {
      "description": "The Supreme Court Constitution Bench will commence the hearing on the cases challenging the...",
      "url": "https://www.livelaw.in/top-stories/ews-reservation-supreme-court-constitution-bench-209212",
      "id": 3
    },
    {
      "description": "Shashi Tharoor finds little support from the Congress as he is likely to contest the president election. Congress spokesperson Gourav Vallabh said his personal opinion is that between Shashi Tharoor and Ashok Gehlot, the choice is clear - it's Ashok Gehlot.  …",
      "url": "https://www.hindustantimes.com/india-news/shashi-tharoor-s-not-the-critic-who-counts-post-amid-congress-poll-challenge-101663900511404.html",
      "id": 4
    }
  ]
}