{
  "savedNews": [
    {
      "description": "Kerala PFI Protests LIVE Updates: Kerala High Court asked the state administration to take stern action against those who violate the court order banning hartals",
      "url": "https://www.news18.com/news/india/kerala-pfi-protests-live-updates-stones-thrown-at-ksrtc-buses-amid-pfis-bandh-call-today-petrol-bombs-hurled-at-bjp-office-livenews-6016141.html",
      "title": "LIVE: PFI's Violent Stir Over Raids Miffs Kerala HC, Judge Asks Govt to Submit Info on Damages, Stop Rampag - News18",
      "urlToImage": "https://images.news18.com/ibnlive/uploads/2022/09/kerala-pfi-protests-police-detain-kannur.gif",
      "authorex": "News18",
      "id": 1
    },
    {
      "description": "The pair added 104 off just 10.2 overs to blindside Australia in the series decider",
      "url": "https://www.espncricinfo.com/story/skill-power-and-invention-india-thrive-on-the-kohli-suryakumar-show-1336576",
      "title": "Skill, power, wristwork and invention: India thrive on the Kohli-Suryakumar show - ESPNcricinfo",
      "urlToImage": "https://img1.hscicdn.com/image/upload/f_auto/lsci/db/PICTURES/CMS/346500/346578.6.jpg",
      "authorex": "ESPN Cric Info",
      "id": 2
    }
  ]
}