{
  "customerDetails": [
    {
      "Name": "Hariprasad",
      "email": "Hari4738@gmail.com",
      "address": "29,subbulask",
      "accNumber": "90037080",
      "phonenumber": "9003708003",
      "password": "Hari@123",
      "id": 1
    },
    {
      "Name": "hari",
      "email": "Hari47@gmail.com",
      "address": "29,subbulakshmi",
      "accNumber": "123456",
      "phonenumber": "9003708003",
      "password": "Hari@1234",
      "id": 2
    },
    {
      "Name": "hari",
      "email": "hari12@gmail.com",
      "address": "chennai,tamilnadu",
      "accNumber": "123456",
      "phonenumber": "9874563210",
      "password": "Hari@12345",
      "id": 3
    },
    {
      "Name": "Hari",
      "email": "hari35@gmail.com",
      "address": "29,subbulakshmi",
      "accNumber": "9632541",
      "phonenumber": "9003708003",
      "password": "HAri@1994",
      "id": 4
    }
  ]
}